                  epoch,         train/box_loss,         train/cls_loss,         train/dfl_loss,   metrics/precision(B),      metrics/recall(B),       metrics/mAP50(B),    metrics/mAP50-95(B),           val/box_loss,           val/cls_loss,           val/dfl_loss,                 lr/pg0,                 lr/pg1,                 lr/pg2
                      1,                 3.1288,                 7.1016,                 2.3512,                0.63283,                0.11111,                0.11495,                0.06872,                 2.1226,                 4.2824,                 2.0702,             0.00011432,             0.00011432,             0.00011432
                      2,                 1.8906,                 2.9183,                 1.5279,                0.58705,                0.56087,                0.62293,                0.36744,                 1.4062,                 2.1038,                  1.389,             0.00019483,             0.00019483,             0.00019483
                      3,                 1.4693,                 1.7948,                 1.2247,                 0.8804,                0.61631,                 0.7496,                0.45802,                 1.3406,                 1.6976,                 1.1562,             0.00022441,             0.00022441,             0.00022441
                      4,                 1.3614,                 1.3752,                  1.151,                0.45495,                0.61227,                0.46449,                0.28964,                 1.2814,                 1.9523,                 1.1719,             0.00020306,             0.00020306,             0.00020306
                      5,                 1.2292,                  1.117,                 1.0805,                0.75631,                0.89784,                0.83643,                0.59024,                 1.1389,                 1.1622,                 1.0787,             0.00013078,             0.00013078,             0.00013078
